{
  "hash": "a235e2c4",
  "configHash": "3d12723b",
  "lockfileHash": "a4ce54ae",
  "browserHash": "4758e3e5",
  "optimized": {
    "@angular/common": {
      "src": "../../../../../../node_modules/@angular/common/fesm2022/common.mjs",
      "file": "@angular_common.js",
      "fileHash": "c1f41d2e",
      "needsInterop": false
    },
    "@angular/common/locales/es-CL": {
      "src": "../../../../../../node_modules/@angular/common/locales/es-CL.js",
      "file": "@angular_common_locales_es-CL.js",
      "fileHash": "6446ce87",
      "needsInterop": false
    },
    "@angular/core": {
      "src": "../../../../../../node_modules/@angular/core/fesm2022/core.mjs",
      "file": "@angular_core.js",
      "fileHash": "bdc0ca4a",
      "needsInterop": false
    },
    "@angular/forms": {
      "src": "../../../../../../node_modules/@angular/forms/fesm2022/forms.mjs",
      "file": "@angular_forms.js",
      "fileHash": "ae3cb881",
      "needsInterop": false
    },
    "@angular/platform-browser": {
      "src": "../../../../../../node_modules/@angular/platform-browser/fesm2022/platform-browser.mjs",
      "file": "@angular_platform-browser.js",
      "fileHash": "79988e3b",
      "needsInterop": false
    },
    "@angular/router": {
      "src": "../../../../../../node_modules/@angular/router/fesm2022/router.mjs",
      "file": "@angular_router.js",
      "fileHash": "9bf2b364",
      "needsInterop": false
    },
    "rxjs": {
      "src": "../../../../../../node_modules/rxjs/dist/esm5/index.js",
      "file": "rxjs.js",
      "fileHash": "a5a720c5",
      "needsInterop": false
    }
  },
  "chunks": {
    "chunk-O34KXQAZ": {
      "file": "chunk-O34KXQAZ.js"
    },
    "chunk-HECIHPL7": {
      "file": "chunk-HECIHPL7.js"
    },
    "chunk-MOKDIJIK": {
      "file": "chunk-MOKDIJIK.js"
    },
    "chunk-RSS3ODKE": {
      "file": "chunk-RSS3ODKE.js"
    },
    "chunk-GOMI4DH3": {
      "file": "chunk-GOMI4DH3.js"
    }
  }
}